URL,Title,Description,Category,Image URL,ACTIVE,Captured
https://www.synozur.com,Synozur,"Synozur is the transformation company — a woman-owned advisory firm helping organizations find their North Star through AI strategy, leadership, and Microsoft 365.",Service,"https://static.wixstatic.com/media/b805ce_53dcd08840e343b18f38c04258086404%7Emv2.png/v1/fit/w_2500,h_1330,al_c/b805ce_53dcd08840e343b18f38c04258086404%7Emv2.png",TRUE,2026-03-21
https://www.synozur.com/models/ai-maturity-model,Synozur AI Maturity Model,"Evaluate your organization's AI readiness and maturity across key dimensions including strategy, infrastructure, talent, and implementation capabilities.",Model,"https://static.wixstatic.com/media/b805ce_9027f93fb21340c1b3f7a9e25b1f832b~mv2.jpeg/v1/fill/w_4624,h_2589,al_c,q_90/AdobeStock_1238508882.jpeg",TRUE,2026-03-21
https://orion.synozur.com/ai-maturity,Orion AI Maturity Assessments | The Synozur Alliance,Science-backed digital transformation assessments trusted by leading enterprises. Assess your organization's maturity across multiple dimensions.,Model,https://models.synozur.com/og-image.jpg,TRUE,2026-03-21
https://orbit.synozur.com/,Orbit Competitive Market Analysis | The Synozur Alliance,AI-driven marketing intelligence platform for The Synozur Alliance LLC.,Apps,https://synozur-orbit-prod.replit.app/opengraph.jpg,TRUE,2026-03-21
https://orion.synozur.com/,Orion Digital Transformation Assessments | The Synozur Alliance,Science-backed digital transformation assessments trusted by leading enterprises. Assess your organization's maturity across multiple dimensions.,Apps,https://models.synozur.com/og-image.jpg,TRUE,2026-03-21
https://vega.synozur.com/,Vega - The Synozur Alliance Company OS,Vega delivers the ultimate Company Operating System experience. Designed by former Microsoft Viva product leadership.,Apps,https://vega.synozur.com/og-image.png?v=2,TRUE,2026-03-21
https://www.synozur.com/,Transform Your Business with The Synozur Alliance | Strategic Advisory Services,"Synozur is the transformation company — a woman-owned advisory firm helping organizations find their North Star through AI strategy, leadership, and Microsoft 365.",About,"https://static.wixstatic.com/media/b805ce_53dcd08840e343b18f38c04258086404%7Emv2.png/v1/fit/w_2500,h_1330,al_c/b805ce_53dcd08840e343b18f38c04258086404%7Emv2.png",TRUE,2026-03-21
https://www.synozur.com/applications/constellation,Constellation | The Synozur Alliance,"Constellation is Synozur’s AI‑powered Consulting Delivery Platform, purpose-built for professional services organizations and designed to improve execution quality, delivery confidence, and leadership decision‑making across engagements. By unifying project delivery, financials, and operational data inside the Microsoft 365 ecosystem, Constellation gives leaders a real‑time, trustworthy view of status, deliverables, risks, issues, and costs—without relying on manual reporting or disconnected tools. 

AI capabilities built on Microsoft AI Foundry continuously synthesize live system data to generate clear status reports, highlight delivery risk, surface emerging issues, and produce executive‑ready narratives and artifacts stored directly in SharePoint Embedded and accessible through Teams. Constellation tracks deliverables end‑to‑end, links work progress to financial performance, and makes accountability explicit—so teams spend less time assembling updates and more time addressing what matters. Tasks are synchronized to Outlook and Planner, and Constellation's AI agent integrates directly into M365 Copilot for ease of use.

With deep Microsoft alignment, CRM integration, and Copilot‑ready data access, Constellation turns delivery operations into a predictable, transparent system that helps organizations stay on track, manage risk proactively, and keep execution aligned to strategy as work unfolds.",Apps,"https://static.wixstatic.com/media/b805ce_f13ce62d083e4111a33c355746cb292b~mv2.jpeg/v1/fill/w_4679,h_3120,al_c,q_90/AdobeStock_244105520.jpeg",TRUE,2026-03-21
https://www.synozur.com/applications/holidays-and-birthdays-web-part,Holidays and Birthdays Web Part | The Synozur Alliance,"Project Comet is a small but meaningful way to make work more human. It brings holidays and birthdays into everyday view across SharePoint and Viva Connections—helping organizations pause, rest, and celebrate the people who make the work possible. Designed to deploy in minutes and managed entirely through standard SharePoint lists and permissions, Project Comet removes friction for administrators while creating moments of recognition and connection for employees. Built as an open, community‑first solution and shared freely with no licensing or paywalls, Project Comet is our gift back to the SharePoint community—a reminder that great digital workplaces don’t just help us work better, they help us care for one another too.",Apps,"https://static.wixstatic.com/media/b805ce_a49c1db64df24772bd68da04fc5c540c~mv2.jpg/v1/fill/w_144,h_144,al_c,q_80/default-holiday_a6565966acb6a0ae2a6593819479c31f.jpg",TRUE,2026-03-21
https://www.synozur.com/applications/nebula,Nebula | The Synozur Alliance,"Nebula is Synozur's collaborative envisioning platform — built for facilitators who need to do more than just run a workshop. Bring together teams, customers, or stakeholders in structured real-time sessions where ideas are surfaced, categorized by AI, and prioritized through voting, ranking, and visual frameworks like the 2×2 priority matrix. Whether you're shaping a product strategy, exploring transformation priorities, or building shared direction across an organization, Nebula turns group input into clear, AI-generated insights and personalized results that participants can act on long after the session ends.",Apps,"https://static.wixstatic.com/media/b805ce_79a13b0c9bda4d6bb2018308edd7449d~mv2.jpg/v1/fill/w_2406,h_2411,al_c,q_90/aldebaran-s-uXchDIKs4qI-unsplash.jpg",TRUE,2026-03-21
https://www.synozur.com/applications/orbit,Orbit | The Synozur Alliance,"Orbit is Synozur’s go‑to‑market intelligence platform that turns competitive insight into ready‑to‑use execution assets. Orbit continuously monitors market signals, competitor positioning, news, and messaging shifts—then automatically generates and refreshes GTM outputs such as Messaging & Positioning Frameworks (MPFs), one‑sheet sell sheets, and sales battlecards aligned to what’s happening in the market right now. Instead of static research or outdated decks, Orbit gives teams a living GTM system—combining ongoing competitive intelligence with auto‑generated, execution‑ready materials that help marketing, product, and sales adapt faster, sharpen differentiation, and win with confidence.",Apps,"https://static.wixstatic.com/media/b805ce_450e05c49ec64b23aa6f554f9a294071~mv2.jpg/v1/fill/w_1920,h_1080,al_c,q_90/IMG_7169.JPG",TRUE,2026-03-21
https://www.synozur.com/applications/orion,Orion | The Synozur Alliance,"Transformation is hard.

Most organizations know their ambitions, but the journey from today’s reality to tomorrow’s outcomes is complex, uncertain, and often overwhelming. Orion is built to bridge that gap — giving you clarity, confidence, and a path forward that’s tailored to your unique context. Measurement and benchmarking are crucial.

Orion is Synozur’s AI‑powered transformation platform that applies our deep expertise—frameworks, research, and real‑world advisory experience—at scale. Rather than delivering generic assessments, Orion integrates AI to interpret your organization’s unique context, synthesizing your data with Synozur’s proven models to produce personalized results you can trust. 

It translates insight into a tailored view of your current state, then delivers role‑specific recommendations, prioritized actions, and curated resources aligned to your industry, maturity, and goals. By combining human expertise with AI‑driven analysis, Orion moves organizations beyond static reports—providing clear guidance, practical next steps, and the confidence to act with clarity as transformation unfolds.",Apps,"https://static.wixstatic.com/media/b805ce_577b66e3923b4a86b84f77fd4f591078~mv2.jpg/v1/fill/w_1280,h_720,al_c,q_85/Orion%20Wide.jpg",TRUE,2026-03-21
https://www.synozur.com/applications/vega,Vega | The Synozur Alliance,"Vega is your AI-powered Company Operating System that turns strategy into action every day. It unifies mission, priorities, OKRs, and meetings into a single operating rhythm—bringing clarity, cadence, and accountability to your organization. With seamless Microsoft 365 integration, enterprise-grade security, and intelligent AI guidance that augments human judgment, Vega helps leaders align teams, track progress, and accelerate outcomes without the chaos of disconnected tools.",Apps,"https://static.wixstatic.com/media/b805ce_4161e81837b14710ad0874cb7f91bbba~mv2.png/v1/fill/w_1500,h_1500,al_c/VegaTight.png",TRUE,2026-03-21
https://www.synozur.com/applications/zenith,Zenith | The Synozur Alliance,"Zenith is Synozur’s centralized governance control plane for Microsoft 365, built for IT leaders, governance teams, and managed service providers operating complex, multi‑tenant environments. It unifies workspace visibility, automated policy evaluation, sensitivity and retention alignment, and Copilot readiness tracking into a single, secure system—eliminating reliance on scripts, manual audits, and fragmented tools. 

Zenith integrates with Microsoft Entra ID for tenant‑isolated identity, multi‑factor authentication, and granular role‑based access control, ensuring the right users have the right visibility at the right time. Governance decisions are written directly back into SharePoint so Microsoft Purview can enforce policies natively, creating a closed loop between governance intent and day‑to‑day operations. 

Hosted in SOC 2 Type II–certified data centers and designed for enterprise‑grade security and auditability, Zenith helps organizations govern at scale, reduce risk, and confidently prepare their Microsoft 365 environments for Copilot and future AI adoption.",Apps,"https://static.wixstatic.com/media/b805ce_64ac1f32ded24141bf2b8136c6e64780~mv2.jpeg/v1/fill/w_6000,h_3301,al_c,q_90/AdobeStock_382432785.jpeg",TRUE,2026-03-21
https://www.synozur.com/case-studies/accelerating-go-to-market-for-a-leading-ai-isv,Accelerating Go-To-Market for a leading AI ISV | The Synozur Alliance,"Our client, a leading independent software vendor (ISV), developed an app for generative AI systems like Microsoft Copilot to integrate disconnected content. Synozur was engaged for fractional product and marketing leadership to drive mew messaging, new app designs, and strategic go-to-market plans, recruiting sales leaders and mentoring staff to drive a successful product launch. As a result they achieved an estimated $0.8M–$1.2M incremental revenue over 12–24 months and $250K–$500K in cost avoidance, enabled by accelerated go‑to‑market execution, clearer positioning, and higher early‑stage conversion.",Case Studies,"https://static.wixstatic.com/media/b805ce_03dd23de63224d67a613ec1398ab3143~mv2.jpeg/v1/fill/w_6720,h_4480,al_c,q_90/AdobeStock_456986840.jpeg",TRUE,2026-03-21
https://www.synozur.com/case-studies/ai-%26-governance-acceleration-for-private-equity,AI & Governance Acceleration for Private Equity | The Synozur Alliance,"A private equity firm partnered with Synozur to rapidly accelerate AI readiness while strengthening governance, security, and executive alignment.",Case Studies,"https://static.wixstatic.com/media/b805ce_a67e17e43687429ebb2e6bffe60af815~mv2.jpeg/v1/fill/w_6627,h_4418,al_c,q_90/AdobeStock_502007078.jpeg",TRUE,2026-03-21
https://www.synozur.com/case-studies/ai-and-knowledge-transformation-at-a-strategic-communications-firm,AI and Knowledge Transformation at a Strategic Communications Firm | The Synozur Alliance,"A fast‑growing strategic communications firm partnered with Synozur to define an AI strategy and modernize knowledge workflows—without disrupting creative teams or compromising trust with clients. The goal was not AI for AI’s sake, but a people‑first approach that made work easier, faster, and more consistent.",Case Studies,"https://static.wixstatic.com/media/b805ce_f65fdc00c3454ea18cd14419a17d0de7~mv2.jpeg/v1/fill/w_7928,h_4899,al_c,q_90/AdobeStock_525215214.jpeg",TRUE,2026-03-21
https://www.synozur.com/case-studies/ai-transformation-at-a-private-equity-portfolio-company,AI Transformation at a Private Equity Portfolio Company | The Synozur Alliance,"A financial‑services portfolio company of a leading private equity firm engaged Synozur to shift from scattered AI experiments to governed, measurable outcomes at enterprise scale. Building on patterns we’ve proven in similar programs, we turned real documents and workflows into a prioritized use‑case backlog, stood up a practical governance model, and upskilled leaders and makers through a multi‑tool curriculum. As a result, they achieved an estimated $250K–$500K annual cost savings and $500K–$1.0M+ EBITDA uplift, driven by faster decision‑making, reduced duplicated analysis, and improved execution discipline across leadership and operations.",Case Studies,"https://static.wixstatic.com/media/b805ce_216de3dbbef94823a2eecb2d3a72bf2b~mv2.jpg/v1/fill/w_2172,h_1313,al_c,q_90/AdobeStock_151524961Small.jpg",TRUE,2026-03-21
https://www.synozur.com/case-studies/energy-company-reinvents-employee-expereince-and-effectiveness,Energy company reinvents employee experience and effectiveness | The Synozur Alliance,"A North American energy company, facing substantial challenges in employee engagement and communication for their 12,000+ employees, engaged Synozur to revamp their approach. Synozur conducted detailed employee journey mapping and developed personalized, relevant tools and information to improve user experience, addressing issues with the outdated intranet and poor engagement tools. As a result, they saw an estimated $2.0M–$6.0M in annual productivity gains, based on reduced information‑search time, streamlined internal communications, and improved employee engagement across a 12,000+ employee workforce.",Case Studies,"https://static.wixstatic.com/media/b805ce_d48bad9f6faa40e58e764f1ead186a5a~mv2.jpg/v1/fill/w_2000,h_1333,al_c,q_90/Ofc17_Truck_Sonia_001.jpg",TRUE,2026-03-21
https://www.synozur.com/case-studies/executive-ai-readiness-at-a-leading-education-technology-company,Executive AI Readiness at a Leading Education Technology Company | The Synozur Alliance,"A leading education technology organization partnered with Synozur to assess AI readiness, align leadership, and define a practical roadmap for responsible AI adoption.",Case Studies,"https://static.wixstatic.com/media/b805ce_3c46f10e30d6494f9961c3c265212750~mv2.jpeg/v1/fill/w_5472,h_3204,al_c,q_90/AdobeStock_670678012.jpeg",TRUE,2026-03-21
https://www.synozur.com/case-studies/go%E2%80%91to%E2%80%91market-transformation-for-a-microsoft%E2%80%91aligned-software-company,Go-to-Market Transformation for a Microsoft-Aligned Software Company | The Synozur Alliance,"A Microsoft‑aligned software company partnered with Synozur to clarify its go‑to‑market strategy, sharpen messaging, align to Microsoft, and strengthen partner engagement.",Case Studies,"https://static.wixstatic.com/media/b805ce_03ce5f0a768b4717b69e003ba4760efa~mv2.jpeg/v1/fill/w_6240,h_4160,al_c,q_90/AdobeStock_249826261.jpeg",TRUE,2026-03-21
https://www.synozur.com/case-studies/management-makeover-at-a-luxury-brand,Management Makeover at a Luxury Brand | The Synozur Alliance,"In a strategic effort to overhaul the management framework of a thriving North American luxury manufacturer, Synozur spearheaded a digital transformation initiative in 2023. The project's primary objective was to implement a robust Company Operating System (Company OS) to support the company's rapid growth and scalability. This case study delves into the challenges faced, the solutions introduced by Synozur, and the positive outcomes for leadership effectiveness. As a result, our client saw an estimated $0.6–$1.3MM annual cost savings and $500K–$1.5M+ in revenue enablement, driven by reduced internal friction and faster execution of commercial and operational initiatives.",Case Studies,"https://static.wixstatic.com/media/b805ce_3367a960d2474a518ab816eacdff0891~mv2.jpg/v1/fill/w_1067,h_760,al_c,q_85/CLO17_corporateOffice_021%20-cropped.jpg",TRUE,2026-03-21
https://www.synozur.com/case-studies/story-cellars,Story Cellars and Synozur - Craft and Culture | The Synozur Alliance,"Story Cellars was founded in 2016 by Tim Oas. Tim is a pioneer in crafting Washington state wines from their winery in Woodinville, Washington. We chose to partner with Story Cellars because we believe in Tim and love his approach to winemaking. The Velvet Vega Zin has been a labor of love for Tim and a great partnership for us.",Case Studies,"https://static.wixstatic.com/media/b805ce_7aa5db4e2dbc41eeb703c838bb75db8f~mv2.png/v1/fill/w_1500,h_970,al_c/IMG_4464.PNG",TRUE,2026-03-21
https://www.synozur.com/case-studies/transforming-management-frameworks-at-microsoft,Transforming management frameworks at Microsoft | The Synozur Alliance,"When one of Microsoft’s marketing teams sought to reinvent their annual planning “offsite” to establish new goals and a more dynamic and efficient management framework, they turned to Synozur, a leader in strategic consulting. Synozur’s expertise played a pivotal role in revolutionizing Microsoft’s management processes, enhancing team productivity, and fostering innovation. As a result, Microsoft saw an estimated $0.5M–$1.0M in annual productivity cost avoidance, with additional multi‑million‑dollar revenue influence, resulting from improved planning cadence, cross‑team alignment, and faster marketing execution.",Case Studies,"https://static.wixstatic.com/media/b805ce_759217ee0d84438089805ae72a743c3a~mv2.jpg/v1/fill/w_2000,h_1333,al_c,q_90/Win16a_BCN_Students2_Table_HPSpectrex360_01416.jpg",TRUE,2026-03-21
https://www.synozur.com/items/2026-ai-report,Synozur 2026 AI Report | The Synozur Alliance,"The Synozur 2026 AI Report gives leaders a grounded view of AI's trajectory — from a $453B market today to $923B by 2030. Drawing on 120 maturity assessments, it reveals why most organizations stall at adoption, not tools. Plus three predictions shaping 2026: Microsoft's first-party LLM, the Agent Boss era, and industry-led governance standards. Cut through the hype at synozur.com.",White Paper,"https://static.wixstatic.com/media/b805ce_597f693b52f940b388ea2e3af675c3ed~mv2.jpeg/v1/fill/w_5110,h_2555,al_c,q_90/AdobeStock_307252854.jpeg",TRUE,2026-03-21
https://www.synozur.com/items/care-raft-prompting-industry-examples,CARE-RAFT Prompting - Industry Examples | The Synozur Alliance,"The CARE and RAFT frameworks are designed to enhance prompt engineering for generative AI. CARE helps define the situation, clarify the intended action, outline rules for output, and provide concrete examples. RAFT, on the other hand, ensures the AI understands its role, audience, output format, and the specific task required. Both frameworks empower users to create clearer, more effective prompts.",White Paper,"https://static.wixstatic.com/media/b805ce_09efecc1c63b4e3b99d791bcbb81331d~mv2.jpg/v1/fill/w_1536,h_1024,al_c,q_85/CARE-RAFT.jpg",TRUE,2026-03-21
https://www.synozur.com/items/navigating-ai-stratosphere,Navigating the AI Stratosphere | The Synozur Alliance,"Worried about crashing your AI project? Get the altitude you need to fly over storms and reach new business heights with AI! Based on research from Microsoft and Synozur, and decades of consulting expertise, we'll show you how to prepare and execute your GenAI flight plan. We review findings from the 2024 Microsoft WTI and our own research.",White Paper,"https://static.wixstatic.com/media/b805ce_c70a4176862e49efa027e2945a7b2973~mv2.png/v1/fill/w_1792,h_1024,al_c/FlyingOutOfStorm.png",TRUE,2026-03-21
https://www.synozur.com/items/succeeding-with-copilot,Succeeding with Your Copilot Rollout | The Synozur Alliance,"In February, Chris McNulty led a comprehensive webinar titled “How to Succeed with Your Copilot Deployment."" The session provided invaluable insights and practical steps for effectively deploying Microsoft's Copilot within organizations. Attendees were guided through the current state of AI, common deployment mistakes, and a five-step plan for successful Copilot integration.",White Paper,"https://static.wixstatic.com/media/b805ce_dbe6b0efcca946d7aad7ec510864b2d5~mv2.jpeg/v1/fill/w_2688,h_1536,al_c,q_90/Firefly_219baa39-8237-499a-8c56-b2dba071fbc5.jpeg",TRUE,2026-03-21
https://www.synozur.com/items/upgrading-your-company-operating-system-2026,Upgrading your Company Operating System (Updated) | The Synozur Alliance,"Strong strategy fails without a system. The 2026 edition of Upgrading Your Company Operating System shows modern organizations how to scale with clarity and discipline — turning ambitions into executable goals, preventing execution drift, and building a management cadence that lasts. Includes a practical maturity model and a look at Vega, Synozur's AI-augmented Company Operating System. Try Vega free at vega.synozur.com",White Paper,"https://static.wixstatic.com/media/b805ce_daeba1847b08463bbc13e4eeb1bd5345~mv2.jpeg/v1/fill/w_4100,h_2733,al_c,q_90/AdobeStock_299078039.jpeg",TRUE,2026-03-21
https://www.synozur.com/models/content-management-maturity-model,Content Management Maturity Model | The Synozur Alliance,"Evaluate your organization's content and document management maturity across leadership, people, technology, processes, GRC, and AI capabilities. Platform-agnostic framework with Microsoft 365 examples.",Models,"https://static.wixstatic.com/media/b805ce_9a2084eef48c4f90ba8406b5c809eff7~mv2.jpeg/v1/fill/w_2688,h_1536,al_c,q_90/Firefly_5c02a715-05d7-48e2-91d7-99c03988b690.jpeg",TRUE,2026-03-21
https://www.synozur.com/models/gtm-maturity-model,GTM Maturity Model | The Synozur Alliance,"The Go-To-Market (GTM) Maturity model measures how ready your organization is to scale by evaluating its approach to launching and selling products—covering market fit, brand clarity, pricing strategy, demand generation, sales enablement, and collateral effectiveness.",Models,"https://static.wixstatic.com/media/b805ce_610645951fa747adaad22b93eb3c8dd9~mv2.png/v1/fill/w_614,h_409,al_c/GTMNight.png",TRUE,2026-03-21
https://www.synozur.com/models/knowledge-management-maturity-model,Knowledge Management Maturity Model | The Synozur Alliance,"Assess your organization's knowledge management maturity across leadership, culture, processes, technology, risk/compliance, and use of AI. This model is aligned with industry best practices (APQC, CMMI, ISO 30401) and provides a 5-level maturity evaluation.",Models,"https://static.wixstatic.com/media/b805ce_c47dfecd3ac74431be4ec2e9b2e234ea~mv2.jpeg/v1/fill/w_2500,h_1667,al_c,q_90/AdobeStock_371497878.jpeg",TRUE,2026-03-21
https://www.synozur.com/models/management-and-company-os,Management and Company OS | The Synozur Alliance,"Evaluate how effectively your organization runs — from mission and goals to strategy, management rhythm, and execution. A fast, structured assessment that shows you where your Company Operating System stands and where to go next.",Models,"https://static.wixstatic.com/media/b805ce_ce184f8f253d449998f9017fec96d76c~mv2.png/v1/fill/w_1456,h_816,al_c/u8445749678_To_promote_Synozurs_podcast_show_a_photorealistic_2c893074-08b9-47a6-89b8-237fdc7b230d_3.png",TRUE,2026-03-21
https://www.synozur.com/post/ai-in-2026-the-market-is-big-the-gap-is-bigger,AI in 2026: The Market Is Big. The Gap Is Bigger.,"AI is past experimentation—and the gap between leaders and laggards is widening. The Synozur 2026 AI Report delivers a clear view of AI market growth from $453B in 2026 to ~$923B by 2030, insights from 120 maturity assessments showing a 250+ point gap, and three practical predictions shaping 2026 around models, agents, and standards.",Blog Posts,"https://static.wixstatic.com/media/b805ce_17d6e552966f4a03b382c3da21b732d7~mv2.png/v1/fill/w_1000,h_667,al_c,q_90,usm_0.66_1.00_0.01/b805ce_17d6e552966f4a03b382c3da21b732d7~mv2.png",TRUE,2026-03-21
https://www.synozur.com/post/ai-in-nonprofits-force-multipliers-human-values,"AI in Nonprofits: Force Multipliers, Human Values","How AI is reshaping nonprofits—from back office productivity and research “force multipliers” to ethical guardrails, governance, and the human connections that keep members engaged.",Blog Posts,"https://static.wixstatic.com/media/b805ce_ed3eb408fc184d7db2ef71de88f92913~mv2.jpg/v1/fill/w_1000,h_563,al_c,q_85,usm_0.66_1.00_0.01/b805ce_ed3eb408fc184d7db2ef71de88f92913~mv2.jpg",TRUE,2026-03-21
https://www.synozur.com/post/building-delight-inside-microsoft-product-management,Building Delight - Inside Microsoft Product Management,"In our latest Polaris episode, I sat down with Sean Squires to demystify what product managers at Microsoft really do. We explored how a product manager blends technical know-how, business strategy, and deep customer empathy to turn ideas into features that millions use and love. Sean is a Principal Product Manager focusing on SharePoint and Content AI at Microsoft, and his insights offered a behind-the-scenes look at how software gets from inspiration to innovation.We kicked off by framing the",Blog Posts,"https://static.wixstatic.com/media/b805ce_e9020d5ef95d4d94a0306bfc4c5d7c1e~mv2.jpg/v1/fill/w_1000,h_563,al_c,q_85,usm_0.66_1.00_0.01/b805ce_e9020d5ef95d4d94a0306bfc4c5d7c1e~mv2.jpg",TRUE,2026-03-21
https://www.synozur.com/post/claude-comes-inside-the-microsoft-365-boundary,Claude Comes Inside the Microsoft 365 Boundary,"Anthropic’s Claude AI is now an official Microsoft data processor, enabling secure integration within the Microsoft 365 trust boundary. Business users gain access to Claude’s advanced reasoning and coding capabilities directly in Word, Excel, Teams, and more—without new contracts or compliance hurdles.",Blog Posts,"https://static.wixstatic.com/media/b805ce_b27009136574436f884e939e282b3286~mv2.jpg/v1/fill/w_1000,h_667,al_c,q_85,usm_0.66_1.00_0.01/b805ce_b27009136574436f884e939e282b3286~mv2.jpg",TRUE,2026-03-21
https://www.synozur.com/post/content-without-compromise-inside-the-m-files-microsoft-alliance,Content without Compromise - Inside the M-Files & Microsoft Alliance,"In this Polaris episode, Synozur’s CTO Chris McNulty, along with Ryan Barry of M-Files and Ian Story of Microsoft, explores how a first-of-its-kind partnership between M-Files and Microsoft is revolutionizing content management – uniting AI-powered intelligent document workflows with the Microsoft 365 platform to eliminate content silos and unlock new value from enterprise data.",Blog Posts,"https://static.wixstatic.com/media/b805ce_6c20258d8f094ab898004ce24868dc6a~mv2.jpg/v1/fill/w_1000,h_563,al_c,q_85,usm_0.66_1.00_0.01/b805ce_6c20258d8f094ab898004ce24868dc6a~mv2.jpg",TRUE,2026-03-21
https://www.synozur.com/post/copilot-culture-the-cloud-2025-at-synozur,Polaris - 2025 In Review,"Four Synozur leaders - Michelle Boyd, Michelle Caldwell, Joshua Christensen & Shari Oswald – joing Chris McNulty on a special holiday edition of Polaris to reflect on 2025's seismic shifts in AI, the gap between technology and organizational maturity, and why 2026 will separate those who merely adopted tools from those who fundamentally transformed how work gets done.",Blog Posts,"https://static.wixstatic.com/media/b805ce_fca6d956096a49d3a2642a761ba34b4b~mv2.jpg/v1/fill/w_1000,h_563,al_c,q_85,usm_0.66_1.00_0.01/b805ce_fca6d956096a49d3a2642a761ba34b4b~mv2.jpg",TRUE,2026-03-21
https://www.synozur.com/post/gpt-5-2-arrives-in-m365-copilot,GPT-5.2 Arrives in M365 Copilot,GPT 5.2 has areived - and it’s available in M365 Copilot,Blog Posts,"https://static.wixstatic.com/media/b805ce_7120b02e213240f596cabf8e845d38c5~mv2.png/v1/fill/w_1000,h_667,al_c,q_90,usm_0.66_1.00_0.01/b805ce_7120b02e213240f596cabf8e845d38c5~mv2.png",TRUE,2026-03-21
https://www.synozur.com/post/humanity-as-a-strategy-leadership-lessons-from-ed-deangelis,Humanity as a Strategy: Leadership Lessons from Ed DeAngelis,"Ed DeAngelis, CEO of EDA Contractors and Titan 100 honoree, shares how he transformed a roofing company into an industry leader by embracing servant leadership and making ""humanity as a strategy"" the foundation of his business.",Blog Posts,"https://static.wixstatic.com/media/b805ce_f9e616a33dfb40dfb5bbdcd73a582ce9~mv2.jpg/v1/fill/w_1000,h_563,al_c,q_85,usm_0.66_1.00_0.01/b805ce_f9e616a33dfb40dfb5bbdcd73a582ce9~mv2.jpg",TRUE,2026-03-21
https://www.synozur.com/post/ignite-2025-sharepoint-steps-up-as-copilots-knowledge-platform,Ignite 2025: SharePoint Steps Up as Copilot's Knowledge Platform,All the SharePoint AI news from Microsoft Ignite 2025 - from using SharePoint metadata and the SharePoint Admin agent.,Blog Posts,"https://static.wixstatic.com/media/b805ce_b2373c0a5ac94723a11d5f155bc89ede~mv2.jpeg/v1/fill/w_1000,h_667,al_c,q_85,usm_0.66_1.00_0.01/b805ce_b2373c0a5ac94723a11d5f155bc89ede~mv2.jpeg",TRUE,2026-03-21
https://www.synozur.com/post/ignite-day-one-work-iq-agent-365-and-the-next-wave-of-copilot,"Ignite Day One: Work IQ, Agent 365, and the Next Wave of Copilot","Today’s announcements at Microsoft Ignite push Copilot from “smart assistant” to an operating layer for how work actually gets done. Microsoft introduced Work IQ, Agent 365, dedicated Office app agents, new Outlook voice and scheduling, expanded Copilot voice, Sora 2 for enterprise video, and an autonomous Sales Development Agent—with a pragmatic model and content strategy to match. Here’s what matters, why it’s different, and how to act this quarter.",Blog Posts,"https://static.wixstatic.com/media/b805ce_8d2d9a5b69574f5daf0091e11e1b20a8~mv2.jpeg/v1/fill/w_1000,h_667,al_c,q_85,usm_0.66_1.00_0.01/b805ce_8d2d9a5b69574f5daf0091e11e1b20a8~mv2.jpeg",TRUE,2026-03-21
https://www.synozur.com/post/microsoft-purview-s-adaptive-dlp-brings-scalable-control-to-copilot,Microsoft Purview's Adaptive DLP Brings Scalable Control to Copilot,"Microsoft’s new Purview Data Loss Prevention (DLP) adaptive scopes for SharePoint have quietly introduced a pivotal capability for enterprise AI governance.This update – currently in preview (generally available by March 2026) – enables organizations to dynamically and automatically control which SharePoint content Microsoft 365 Copilot can access, based on policy-driven rules rather than static manual lists. It’s a significant shift that empowers business and IT leaders to govern AI at scale, f",Blog Posts,"https://static.wixstatic.com/media/b805ce_231ea81983db46b7a440d0bc83b1bb96~mv2.png/v1/fill/w_1000,h_667,al_c,q_90,usm_0.66_1.00_0.01/b805ce_231ea81983db46b7a440d0bc83b1bb96~mv2.png",TRUE,2026-03-21
https://www.synozur.com/post/not-too-big-not-too-small-techcon-is-just-right,"Not Too Big, Not Too Small - TechCon is Just Right","In our latest Polaris episode, we explore how mid-sized tech conferences (like TechCon 365 Seattle – coming up June 27) are closing the AI skills gap and sparking community engagement – with guest David Wilhelm sharing insights on training, diversity, and the unique power of in-person connection.",Blog Posts,"https://static.wixstatic.com/media/b805ce_3c8bc48e7a0443a0b40ec5c9abd6d522~mv2.jpg/v1/fill/w_1000,h_563,al_c,q_85,usm_0.66_1.00_0.01/b805ce_3c8bc48e7a0443a0b40ec5c9abd6d522~mv2.jpg",TRUE,2026-03-21
https://www.synozur.com/post/polaris-podcast-fractional-cxos-get-our-undivided-attention,Polaris Podcast: Fractional CxOs Get Our Undivided Attention,"Our latest episode of our Polaris podcast, “Fractional CxOs Get Our Undivided Attention"" dives into the evolving role of fractional leaders.",Blog Posts,"https://static.wixstatic.com/media/b805ce_f8380800e4974a1295c2a2e2feed1f91~mv2.png/v1/fill/w_1000,h_563,al_c,q_90,usm_0.66_1.00_0.01/b805ce_f8380800e4974a1295c2a2e2feed1f91~mv2.png",TRUE,2026-03-21
https://www.synozur.com/post/polaris-strategy-unplugged-with-dr-john-hillen,Polaris: Strategy Unplugged with Dr. John Hillen,"On the latest Polaris episode, unlock the true essence of business strategy with Dr. John Hillen as we delve into the intricacies of strategy, its misconceptions, and how to nurture it as a fundamental strength of your leadership team.",Blog Posts,"https://static.wixstatic.com/media/b805ce_3664d913e23f4e87856fffedcbbc7079~mv2.jpg/v1/fill/w_1000,h_563,al_c,q_85,usm_0.66_1.00_0.01/b805ce_3664d913e23f4e87856fffedcbbc7079~mv2.jpg",TRUE,2026-03-21
https://www.synozur.com/post/polaris-walk-the-project-runway-with-michelle-boyd,Polaris: Walk the Project Runway with Michelle Boyd,"In this episode of Polaris, Chris McNulty and Michelle Boyd discuss the importance of delivery excellence in project management.",Blog Posts,"https://static.wixstatic.com/media/b805ce_d3021ab0f7404f22a1cc27a03a82d4c0~mv2.jpg/v1/fill/w_1000,h_563,al_c,q_85,usm_0.66_1.00_0.01/b805ce_d3021ab0f7404f22a1cc27a03a82d4c0~mv2.jpg",TRUE,2026-03-21
https://www.synozur.com/post/sharepoint-s-next-25-years,SharePoint's Next 25 Years,"On this episode of Polaris, Synozur CTO Chris McNulty welcomes Adam Harmetz, Corporate Vice President for SharePoint at Microsoft, to discuss how SharePoint’s 25-year journey has turned it into a knowledge engine for AI, why empowered metadata is key to modern intranets and how generative AI models like ChatGPT, Sora and Nano Banana signal what’s ahead for enterprise content.",Blog Posts,"https://static.wixstatic.com/media/b805ce_54e790758cfc4fe0adf30bd5134e9ea5~mv2.jpg/v1/fill/w_1000,h_563,al_c,q_85,usm_0.66_1.00_0.01/b805ce_54e790758cfc4fe0adf30bd5134e9ea5~mv2.jpg",TRUE,2026-03-21
https://www.synozur.com/post/summer-of-copilot-endless-summer,Summer of Copilot - Endless Summer,"In our “Summer of Copilot – Endless Summer” finale, we recap how Microsoft’s AI assistant has reshaped work in 2025 and what’s next. From ubiquitous presence in Office apps to specialized agents like Researcher and Analyst, Copilot became a true digital colleague. We highlight major use cases (creative content, sales proposals, knowledge support) delivering real ROI, and how Synozur guides businesses in adopting Copilot responsibly. Plus, a look at Copilot’s place in the broader AI ecosystem",Blog Posts,"https://static.wixstatic.com/media/b805ce_484614fbe030417cabc2d2d4f8328702~mv2.jpeg/v1/fill/w_1000,h_667,al_c,q_85,usm_0.66_1.00_0.01/b805ce_484614fbe030417cabc2d2d4f8328702~mv2.jpeg",TRUE,2026-03-21
https://www.synozur.com/post/tarmacs-tariffs-and-transformation,"Tarmacs, Tariffs, and Transformation","A practical conversation with Synozur’s transformation leader Rob Asen on why transformation offices succeed where traditional PMOs stall, how AI changes leadership reach, and the five lenses that put strategy into motion: vision, leadership, impact, capacity, and measurement.",Blog Posts,"https://static.wixstatic.com/media/b805ce_86142b133bb14b86b1a71b47f58cd15b~mv2.jpg/v1/fill/w_1000,h_563,al_c,q_85,usm_0.66_1.00_0.01/b805ce_86142b133bb14b86b1a71b47f58cd15b~mv2.jpg",TRUE,2026-03-21
https://www.synozur.com/post/the-king-of-data-migration-magic-with-jordan-uytterhagen,The King of Data Migration Magic with Jordan (Uytterhagen),Free your data from legacy systems and learn how to prepare for an AI‑driven future in this Polaris episode featuring Cadence Solutions CEO Jordan Utytterhagen.,Blog Posts,"https://static.wixstatic.com/media/b805ce_69e1742e21ca4513b66f3961b43c3130~mv2.jpg/v1/fill/w_1000,h_563,al_c,q_85,usm_0.66_1.00_0.01/b805ce_69e1742e21ca4513b66f3961b43c3130~mv2.jpg",TRUE,2026-03-21
https://www.synozur.com/post/the-wonderful-world-of-mark-kashman,The Wonderful World of Mark Kashman,"Join us as we explore ""The Wonderful World of Mark Kashman"" with Mark Kashman, delving into the vibrant Microsoft 365 community and its upcoming conference.",Blog Posts,"https://static.wixstatic.com/media/b805ce_cd5dc976cd414b769421435208bcd72f~mv2.jpg/v1/fill/w_1000,h_563,al_c,q_85,usm_0.66_1.00_0.01/b805ce_cd5dc976cd414b769421435208bcd72f~mv2.jpg",TRUE,2026-03-21
https://www.synozur.com/post/upgrading-your-company-operating-system-2026-from-ambition-to-execution,Upgrading Your Company Operating System (2026): From Ambition to Execution,"The 2026 edition of Upgrading Your Company Operating System explains why strategy alone isn’t enough—and how durable execution requires a system. This update introduces ambitions as long term north stars, reframes annual goals as executable objectives, and shows how a clear cascade from ambition to action prevents drift. It also introduces Vega, an AI augmented Company OS built to make strategy operational.",Blog Posts,"https://static.wixstatic.com/media/b805ce_daeba1847b08463bbc13e4eeb1bd5345~mv2.jpeg/v1/fill/w_1000,h_667,al_c,q_85,usm_0.66_1.00_0.01/b805ce_daeba1847b08463bbc13e4eeb1bd5345~mv2.jpeg",TRUE,2026-03-21
https://www.synozur.com/post/using-ai-maturity-to-drive-roi,Using AI Maturity to Drive ROI,"The Synozur AI Maturity Model, unveiled at Microsoft’s Times Square Experience Center during Experts Live USA, empowers organizations to align AI with strategy, enhance governance, and accelerate team upskilling. Access the free, instant PDF for actionable insights and guidance to drive your AI transformation journey—no login required.",Blog Posts,"https://static.wixstatic.com/media/b805ce_9b0bf2ff6fab44c7ad95e9db308fc201~mv2.png/v1/fill/w_806,h_588,al_c,lg_1,q_90/b805ce_9b0bf2ff6fab44c7ad95e9db308fc201~mv2.png",TRUE,2026-03-21
https://www.synozur.com/post/welcoming-michelle-boyd-as-executive-director-first-nations-ai-digital-futures-initiative,"Welcoming Michelle Boyd as Executive Director, First Nations AI & Digital Futures Initiative","Synozur is proud to announce the appointment of Michelle Boyd as Executive Director, First Nations AI & Digital Futures Initiative. A proven transformation and program leader, Michelle brings deep experience delivering complex digital initiatives and measurable business outcomes. In this role, she will work alongside Native American tribes and tribal leaders to co‑create responsible, community‑centered AI and digital futures.",Blog Posts,"https://static.wixstatic.com/media/b805ce_27fc26251b6540da9ffae6b10e174ac9~mv2.png/v1/fill/w_1000,h_1000,al_c,q_90,usm_0.66_1.00_0.01/b805ce_27fc26251b6540da9ffae6b10e174ac9~mv2.png",TRUE,2026-03-21
https://www.synozur.com/post/when-founders-stop-dreaming-and-what-it-costs-their-companies,When Founders Stop Dreaming-and What It Costs Their Companies,"Founders often get trapped in quarterly targets and lose sight of the decade they set out to build. Real momentum comes from balancing three horizons: long term ambition, annual goals, and quarterly execution. When leaders reconnect with their original vision and translate it into this year’s priorities, the quarter stops driving the company—and starts delivering the future. Vega helps operationalize this structure, but the clarity starts with leaders.",Blog Posts,"https://static.wixstatic.com/media/b805ce_597f693b52f940b388ea2e3af675c3ed~mv2.jpeg/v1/fill/w_1000,h_500,al_c,q_85,usm_0.66_1.00_0.01/b805ce_597f693b52f940b388ea2e3af675c3ed~mv2.jpeg",TRUE,2026-03-21
https://www.synozur.com/services/experiences,Experience Transformation | The Synozur Alliance,"Experience TransformationOur Experience Transformation services encompass a comprehensive suite of capabilities designed to optimize processes, enhance employee engagement, and drive innovation. Our approach is strategic, innovative, and tailored to meet your unique needs of each client.Optimizing Engagement Across the Employee LifecycleSynozur’s Experience Transformation offering is designed to revolutionize the way organizations approach process optimization, employee engagement, and leadership development. By leveraging our comprehensive suite of services, companies can achieve transformative results that drive performance and growth.

Employee Strategies
We develop engagement strategies that prioritize employee experience, UX design, and strategic communication initiatives. Our expertise includes intranet design, website UX, and comprehensive experience design strategies.

Communication Strategies
Effective communication is vital for organizational success. We create tailored communication strategies and plans that align with company goals and enhance employee engagement.Employee StrategiesWe create strategies that elevate the employee experience, blending UX design, communication, and engagement practices. It's all about supporting your people on every step of their journey.People Strategy
Communication StrategiesWe develop communication plans that connect your teams, support change, and reinforce your company’s mission. Our strategies are tailored, intentional, and designed to enhance engagement.Comms Approach
Design StrategiesFrom UX to intranets to web, we craft digital experiences that engage and empower. Our design strategies blend aesthetics with functionality, always grounded in the needs of your people.Explore Design Strategy
ResourcesWEBINARTransforming Your Digital WorkplaceMichelle Caldwell from Synozur and Ed Rogers from Akumina discuss the importance of internal communications, strategies for driving employee engagement, and the role of AI in the d",Services,"https://static.wixstatic.com/media/b805ce_7a5d9f47e6df42c6a2dab307ce8c4cf3~mv2.png/v1/fill/w_231,h_63,al_c,q_85,usm_0.66_1.00_0.01,enc_avif,quality_auto/SA-Logo-Horizontal-color.png",TRUE,2026-03-21
https://www.synozur.com/services/go-to-market-transformation,Go-To-Market Transformation | The Synozur Alliance,"Go-To-Market TransformationWe analyze your market strategies and develop go-to-market plans and campaigns that align with your business goals. We also provide brand transformation, design operations, campaign execution, event management, coaching, and team building.

Often, we can redefine marketing messaging and positioning, testing new approaches and introducing them to the right audiences and agencies. And if you’re a channel partner, we’re here to assist with channel development and maintain strong relationships within the Microsoft partner ecosystem.Transforming Capabilities Into Market SuccessIn today's rapidly evolving landscape, marketing is undergoing a monumental transformation, paving the way for innovative strategies and redefining what it means to achieve success. Marketing connects markets to products and brings products to markets. It turns your capabilities into businesses.

Marketing excellence can be a game-changer for businesses, as it drives brand recognition, customer loyalty, and revenue growth. By excelling in marketing, companies can effectively communicate their value proposition, differentiate themselves from competitors, and build lasting relationships with their target audience.Brand and MessagingWe help define and position your brand through messaging frameworks that resonate. Our work ensures your identity stands out in a crowded market—clear, compelling, and aligned to your values.Brand Strategy
GTM Strategy and ExecutionWe create structured rhythms and go-to-market strategies that drive product adoption, market presence, and long-term growth. Our approach ensures your message reaches the right audience at the right time.Launch Strategy
Microsoft Partner DevelopmentWe help you navigate the Microsoft partner ecosystem—building strong relationships, aligning to Microsoft’s GTM strategy, and unlocking co-sell opportunities. Our deep ecosystem knowledge ensures your partnership drives real results.Explore MSFT Growth
ResourcesCASE STUDYGo‑",Services,"https://static.wixstatic.com/media/b805ce_7a5d9f47e6df42c6a2dab307ce8c4cf3~mv2.png/v1/fill/w_231,h_63,al_c,q_85,usm_0.66_1.00_0.01,enc_avif,quality_auto/SA-Logo-Horizontal-color.png",TRUE,2026-03-21
https://www.synozur.com/services/strategic-transformation,Organizational Transformation | The Synozur Alliance,"Organizational TransformationSynozur works in concert with your leadership team to develop new business strategies and management frameworks to optimize and elevate your effectiveness. We help our customers implement new company operating systems and detailed adoption strategies tailored to their specific organizational and cultural needs.

Our approach involves defining and refining your company’s foundations - mission, purpose, values, and goals. Strategy and planning are separate components. We facilitate leadership decisions that form your strategy and assist with the annual planning required to implement them.Clarifying Strategic Direction and Tactical ExecutionThere is no such thing as ""strategic planning"".

Strategy and planning are often confused, but they are fundamentally different. Strategy involves making choices where the outcomes are beyond your control, such as deciding to expand your product lines or entering a new market. These strategic decisions set the direction for your business and require a long-term vision.

On the other hand, planning involves the specific tactics and actions you will take to execute your strategy, such as organizing a customer training event or launching a marketing campaign. Planning is about determining the steps and resources needed to achieve your strategic goals.

Objectives and Key Results (OKRs) are tools used to measure the success of your strategies. They provide a framework for setting and tracking goals, but they do not need to encapsulate every tactical activity within the company. Instead, OKRs focus on the key outcomes that drive your strategic objectives forward.Company OSA Company Operating System aligns your purpose, goals, and execution strategy into a unified model. We help you implement this framework to improve clarity, accountability, and operational performance across your organization.Explore Company OS
Fractional LeadershipFractional CxOs bring high-impact leadership when and where it’s needed most.",Services,"https://static.wixstatic.com/media/b805ce_7a5d9f47e6df42c6a2dab307ce8c4cf3~mv2.png/v1/fill/w_231,h_63,al_c,q_85,usm_0.66_1.00_0.01,enc_avif,quality_auto/SA-Logo-Horizontal-color.png",TRUE,2026-03-21
https://www.synozur.com/services/technology-transformation,Technology Transformation | The Synozur Alliance,"Technology TransformationSynozur develops technology strategies that align with your business ambitions, working in concert with your leadership team to develop new plans to maximize innovation and ROI.Synchronizing Innovation with Business StrategyIn today's rapidly evolving business landscape, having an aligned roadmap for technology that matches your business strategy is crucial for success.

An aligned roadmap ensures that your technology investments are directly supporting your business objectives, leading to more efficient operations, enhanced customer experiences, and a competitive edge in the market. It helps in prioritizing initiatives that drive the most value, avoiding unnecessary expenditures on redundant tools, and ensuring that every piece of technology in your arsenal is essential and impactful.

By aligning technology with business strategy, companies can foster innovation, improve agility, and achieve sustainable growth, positioning themselves for long-term success.Strategic RoadmapsWe co-create strategic roadmaps that align your vision with actionable steps—leveraging your current tools and identifying what’s truly needed. It's a pragmatic path toward smarter, more sustainable technology choices.Explore Roadmaps
AI Strategy and DesignWe bring clarity and purpose to AI, aligning tools like Copilot with meaningful business outcomes. From ethical design to pilot programs, we help you chart a course that blends innovation with human impact.View AI Approach
Employee EffectivenessWe focus on the people behind the platforms—improving the employee experience through smarter communication, collaboration, and adoption strategies. Our goal: a modern workplace where productivity and satisfaction go hand in hand.Boost Productivity
ResourcesCASE STUDYAI & Governance Acceleration for Private EquityA private equity firm partnered with Synozur to rapidly accelerate AI readiness while strengthening governance, security, and executive alignment.Read More
CASE STUDYEx",Services,"https://static.wixstatic.com/media/b805ce_7a5d9f47e6df42c6a2dab307ce8c4cf3~mv2.png/v1/fill/w_231,h_63,al_c,q_85,usm_0.66_1.00_0.01,enc_avif,quality_auto/SA-Logo-Horizontal-color.png",TRUE,2026-03-21
https://www.synozur.com/solutions/company-os,Company OS | The Synozur Alliance,"A Company Operating System aligns your purpose, goals, and execution strategy into a unified model. We help you implement this framework to improve clarity, accountability, and operational performance across your organization.",Services,"https://static.wixstatic.com/media/b805ce_7a5d9f47e6df42c6a2dab307ce8c4cf3~mv2.png/v1/fill/w_231,h_63,al_c,q_85,usm_0.66_1.00_0.01,enc_avif,quality_auto/SA-Logo-Horizontal-color.png",TRUE,2026-03-21
https://www.synozur.com/webinars/business-strategy-masterclass,Business Strategy Masterclass | The Synozur Alliance,"WebinarsSynozur is proud to offer our library of on-demand webinars and resources to help guide your business transformation.Business Strategy MasterclassIn our recent Business Strategy Masterclass webinar, Synozur expert Matt Shaffer explored why so many companies struggle to execute strategy effectively—and how a structured Company Operating System (CoS) can bridge the gap between ambitious plans and tangible results. We’ll also point you to resources to watch the recording and get started in your own organization.

As we learned in the masterclass, a bit of structure and intentional focus can unlock tremendous value — turning strategy from a buzzword into a daily practice that drives growth. Here’s to making strategy execution a strength, not a struggle, in your company.
 Resources: Presentation DeckCompany OS Maturity Model ToolkitWatch the Business Strategy Masterclass recording and visit our Company OS solution page for more information. If you have any questions or want to explore this further, contact Synozur – we’re excited to guide you on your transformation journey.",Services,"https://static.wixstatic.com/media/b805ce_7a5d9f47e6df42c6a2dab307ce8c4cf3~mv2.png/v1/fill/w_231,h_63,al_c,q_85,usm_0.66_1.00_0.01,enc_avif,quality_auto/SA-Logo-Horizontal-color.png",TRUE,2026-03-21
https://www.synozur.com/webinars/mastering-your-ai-rollout,Mastering Your AI Rollout | The Synozur Alliance,"WebinarsSynozur is proud to offer our library of on-demand webinars and resources to help guide your business transformation.Mastering Your AI RolloutMichelle Caldwell, CEO of Synozur and a seasoned expert in workplace transformation, spearheaded the ""Mastering Your AI Rollout"" webinar, offering attendees a comprehensive guide to deploying Microsoft 365 Copilot effectively. Drawing on her years of advising global enterprise clients and her partnership with Microsoft, she shared insights into strategic preparation, including defining vision statements, team evaluation, content readiness, and pilot program design. She underscored the importance of addressing common pitfalls such as inadequate training, scope creep, and lack of ongoing support.The session explored the structured phases of a successful AI rollout, providing attendees with actionable insights and practical strategies to ensure sustainable outcomes. Key recommendations included:Implementing pilot programs to test and refine strategies before scaling.Utilizing Microsoft tools like SharePoint Advanced Management, Purview and Viva to manage content, security, and communicationsFostering collaboration and measuring impact to maintain rollout momentum.This webinar is an invaluable resource for organizations at various stages of their AI adoption journey. Whether preparing for initial deployment or optimizing existing strategies, participants walked away equipped with actionable takeaways to drive meaningful change and measurable success in their Copilot implementations. The recorded session is now available on our website for those seeking to transform their AI rollout into a seamless and impactful initiative.

Mastering Your AI Rollout.pdfDownload PDF • 7.72MB",Services,"https://static.wixstatic.com/media/b805ce_7a5d9f47e6df42c6a2dab307ce8c4cf3~mv2.png/v1/fill/w_231,h_63,al_c,q_85,usm_0.66_1.00_0.01,enc_avif,quality_auto/SA-Logo-Horizontal-color.png",TRUE,2026-03-21
https://www.synozur.com/post/ai-in-2026-a-trillion-dollars-is-coming-who-wins,AI in 2026: A Trillion Dollars is Coming. Who Wins?,"A trillion-dollar AI market is coming — the real question is whether your organization will be ready to claim its share.

The Synozur 2026 AI Report reveals a striking gap: most organizations score around 260 out of 500 on AI maturity. That means they've moved past experimenting, but they're nowhere close to operating AI at scale. In a market projected to approach a trillion dollars by 2030, that middle-ground position is a risky place to sit still.

The latest episode of Polaris Pulse breaks down exactly where organizations stand on the AI maturity curve, what the global market growth actually means for business leaders, and three forward-looking predictions that could shape your strategy for the year ahead.

The window to move from ""exploring"" to ""leading"" is narrowing. Understanding where you are on the maturity curve — and what it takes to close the gap — is no longer optional. It's the difference between capturing value and watching others do it.",Blog Posts,"https://static.wixstatic.com/media/b805ce_3a72bdc0e29b475cbc506b23114640be~mv2.png/v1/fill/w_1000,h_563,al_c,q_90,usm_0.66_1.00_0.01/b805ce_3a72bdc0e29b475cbc506b23114640be~mv2.png",TRUE,2026-03-22
https://example.com/test,Test Page,,,,TRUE,2026-03-22